queue_category,priority,source_type,authority_family,source_file,source_sha256,source_path,chunk_id,authority_unit_id,authority_version_id,citation,normalized_citation,title,rule_number,section,policy_number,policy_chapter,document_type,display_status,answer_scope,version_status,effective_label,valid_from,valid_to,requires_qa_signoff,warning_category,proposed_action,reviewer_role,production_impact,stop_condition,notes
unknown_effectivity_version,High,statute,tca_title_37,37_2_203_37_3_405.pdf,4505a32368dd82bcc6408f4fe16b2513cc23b2c810ae9254e0e21bc9d17153f5,Benchbook.ai Database Files/Title 37/37_2_203_37_3_405.pdf,,f7da48f4-e16e-5151-802a-b40a8d511869,05585cca-6936-543f-9341-fd53b1c5aacc,Tenn. Code Ann. Sec. 37-2-710,tenncodeann372710,37-2-710. Agreements between this state and Indian tribes. [Effective when contingency met. See Compiler's Notes.],,37-2-710,,,2,pending_extraction_qa,general_answer_authority,unknown_effectivity,Effective when contingency met. See Compiler's Notes.,,,true,unknown-effective-date issue; warnings=effective_dated_version_unit,Needs further review,Corpus administrator,Blocks retrieval and display until current-law status is confirmed,Effective date or current-law status cannot be verified,chunk_count=3; chunk_types=annotation_candidate:1|black_letter_text:1|history:1; warning_counts=effective_dated_version_unit:3
unknown_effectivity_version,High,statute,tca_title_37,37_2_203_37_3_405.pdf,4505a32368dd82bcc6408f4fe16b2513cc23b2c810ae9254e0e21bc9d17153f5,Benchbook.ai Database Files/Title 37/37_2_203_37_3_405.pdf,,08126e69-05dd-551f-8c49-850b5964053d,34511bb9-8602-5fd1-80eb-4f42d260e94e,Tenn. Code Ann. Sec. 37-2-702,tenncodeann372702,37-2-702. Declaration of policy. [Effective when contingency met. See Compiler's Notes.],,37-2-702,,,2,pending_extraction_qa,general_answer_authority,unknown_effectivity,Effective when contingency met. See Compiler's Notes.,,,true,unknown-effective-date issue; warnings=effective_dated_version_unit,Needs further review,Corpus administrator,Blocks retrieval and display until current-law status is confirmed,Effective date or current-law status cannot be verified,chunk_count=3; chunk_types=annotation_candidate:1|black_letter_text:1|history:1; warning_counts=effective_dated_version_unit:3
unknown_effectivity_version,High,statute,tca_title_37,37_2_203_37_3_405.pdf,4505a32368dd82bcc6408f4fe16b2513cc23b2c810ae9254e0e21bc9d17153f5,Benchbook.ai Database Files/Title 37/37_2_203_37_3_405.pdf,,94491c9b-587c-5b63-9a73-b3e9c562ca14,4abd7cde-0bdf-5952-b8bc-b99a61ebcdfa,Tenn. Code Ann. Sec. 37-2-711,tenncodeann372711,37-2-711. Improper removal of child from custody  -  Declination of jurisdiction  -  Forthwith return of child  -  Danger exception. [Effective when contingency met. See Compiler's Notes.],,37-2-711,,,2,pending_extraction_qa,general_answer_authority,unknown_effectivity,Effective when contingency met. See Compiler's Notes.,,,true,unknown-effective-date issue; warnings=effective_dated_version_unit; high_risk=custody|removal,Needs further review,Corpus administrator,Blocks retrieval and display until current-law status is confirmed,Effective date or current-law status cannot be verified,chunk_count=3; chunk_types=annotation_candidate:1|black_letter_text:1|history:1; warning_counts=effective_dated_version_unit:3; high_risk_domains=custody|removal
unknown_effectivity_version,High,statute,tca_title_37,37_2_203_37_3_405.pdf,4505a32368dd82bcc6408f4fe16b2513cc23b2c810ae9254e0e21bc9d17153f5,Benchbook.ai Database Files/Title 37/37_2_203_37_3_405.pdf,,617bd69a-da5b-55b7-8c24-efa1316daf05,50492f15-d228-51b0-9479-7f27b52b91fc,Tenn. Code Ann. Sec. 37-2-708,tenncodeann372708,37-2-708. Return of custody. [Effective when contingency met. See Compiler's Notes.],,37-2-708,,,2,pending_extraction_qa,general_answer_authority,unknown_effectivity,Effective when contingency met. See Compiler's Notes.,,,true,unknown-effective-date issue; warnings=effective_dated_version_unit; high_risk=custody,Needs further review,Corpus administrator,Blocks retrieval and display until current-law status is confirmed,Effective date or current-law status cannot be verified,chunk_count=3; chunk_types=annotation_candidate:1|black_letter_text:1|history:1; warning_counts=effective_dated_version_unit:3; high_risk_domains=custody
unknown_effectivity_version,High,statute,tca_title_37,37_2_203_37_3_405.pdf,4505a32368dd82bcc6408f4fe16b2513cc23b2c810ae9254e0e21bc9d17153f5,Benchbook.ai Database Files/Title 37/37_2_203_37_3_405.pdf,,b6c9c960-a4e7-512e-b873-8aa472588b1e,543655d3-5a8b-5aad-b2da-28b6d7a85255,Tenn. Code Ann. Sec. 37-2-715,tenncodeann372715,37-2-715. Severability. [Effective when contingency met. See Compiler's Notes.],,37-2-715,,,2,pending_extraction_qa,general_answer_authority,unknown_effectivity,Effective when contingency met. See Compiler's Notes.,,,true,unknown-effective-date issue; warnings=effective_dated_version_unit,Needs further review,Corpus administrator,Blocks retrieval and display until current-law status is confirmed,Effective date or current-law status cannot be verified,chunk_count=3; chunk_types=annotation_candidate:1|black_letter_text:1|history:1; warning_counts=effective_dated_version_unit:3
unknown_effectivity_version,High,statute,tca_title_37,37_2_203_37_3_405.pdf,4505a32368dd82bcc6408f4fe16b2513cc23b2c810ae9254e0e21bc9d17153f5,Benchbook.ai Database Files/Title 37/37_2_203_37_3_405.pdf,,bef2d489-0367-5313-80ec-ef147a22d537,575887f3-b1fd-5940-9037-718c075f696c,Tenn. Code Ann. Sec. 37-2-706,tenncodeann372706,37-2-706. Petition to court of competent jurisdiction to invalidate action upon showing of certain violations. [Effective when contingency met. See Compiler's Notes.],,37-2-706,,,2,pending_extraction_qa,general_answer_authority,unknown_effectivity,Effective when contingency met. See Compiler's Notes.,,,true,unknown-effective-date issue; warnings=effective_dated_version_unit,Needs further review,Corpus administrator,Blocks retrieval and display until current-law status is confirmed,Effective date or current-law status cannot be verified,chunk_count=3; chunk_types=annotation_candidate:1|black_letter_text:1|history:1; warning_counts=effective_dated_version_unit:3
unknown_effectivity_version,High,statute,tca_title_37,37_2_203_37_3_405.pdf,4505a32368dd82bcc6408f4fe16b2513cc23b2c810ae9254e0e21bc9d17153f5,Benchbook.ai Database Files/Title 37/37_2_203_37_3_405.pdf,,a89c3b8e-bbd4-5cea-b087-962306315a76,5a3a092a-122a-5a20-9b0a-e5e8807bbc23,Tenn. Code Ann. Sec. 37-2-709,tenncodeann372709,37-2-709. Tribal affiliation information and other information for protection of rights from tribal relationship  -  Application of subject of adoptive,,37-2-709,,,2,pending_extraction_qa,general_answer_authority,unknown_effectivity,Effective when contingency met. See Compiler's Notes.,,,true,unknown-effective-date issue; warnings=effective_dated_version_text; high_risk=adoption,Needs further review,Corpus administrator,Blocks retrieval and display until current-law status is confirmed,Effective date or current-law status cannot be verified,chunk_count=1; chunk_types=black_letter_text:1; warning_counts=effective_dated_version_text:1; high_risk_domains=adoption
unknown_effectivity_version,High,statute,tca_title_37,37_2_203_37_3_405.pdf,4505a32368dd82bcc6408f4fe16b2513cc23b2c810ae9254e0e21bc9d17153f5,Benchbook.ai Database Files/Title 37/37_2_203_37_3_405.pdf,,08df0530-fe8e-5531-9ae8-050e1f426434,7151c5f3-a80f-5dab-8d7a-c54ca57f948a,Tenn. Code Ann. Sec. 37-2-704,tenncodeann372704,37-2-704. Pending court proceedings. [Effective when contingency met. See Compiler's Notes.],,37-2-704,,,2,pending_extraction_qa,general_answer_authority,unknown_effectivity,Effective when contingency met. See Compiler's Notes.,,,true,unknown-effective-date issue; warnings=effective_dated_version_unit,Needs further review,Corpus administrator,Blocks retrieval and display until current-law status is confirmed,Effective date or current-law status cannot be verified,chunk_count=3; chunk_types=annotation_candidate:1|black_letter_text:1|history:1; warning_counts=effective_dated_version_unit:3
unknown_effectivity_version,High,statute,tca_title_37,37_2_203_37_3_405.pdf,4505a32368dd82bcc6408f4fe16b2513cc23b2c810ae9254e0e21bc9d17153f5,Benchbook.ai Database Files/Title 37/37_2_203_37_3_405.pdf,,75bff9d1-7c0b-5d4c-aee2-b842f9415e36,ccb56cfc-9e17-5b8f-855d-e4160649ce5e,Tenn. Code Ann. Sec. 37-2-701,tenncodeann372701,37-2-701. Part definitions. [Effective when contingency met. See Compiler's Notes.],,37-2-701,,,2,pending_extraction_qa,general_answer_authority,unknown_effectivity,Effective when contingency met. See Compiler's Notes.,,,true,unknown-effective-date issue; warnings=effective_dated_version_unit,Needs further review,Corpus administrator,Blocks retrieval and display until current-law status is confirmed,Effective date or current-law status cannot be verified,chunk_count=3; chunk_types=annotation_candidate:1|black_letter_text:1|history:1; warning_counts=effective_dated_version_unit:3
unknown_effectivity_version,High,statute,tca_title_37,37_2_203_37_3_405.pdf,4505a32368dd82bcc6408f4fe16b2513cc23b2c810ae9254e0e21bc9d17153f5,Benchbook.ai Database Files/Title 37/37_2_203_37_3_405.pdf,,bdb13e47-df6e-5f0a-9721-d73cac3b794f,d169dcb1-ed17-574f-aaa4-09df9acae084,Tenn. Code Ann. Sec. 37-2-712,tenncodeann372712,37-2-712. Emergency removal or placement of child  -  Termination  -  Appropriate action. [Effective when contingency met. See Compiler's Notes.],,37-2-712,,,2,pending_extraction_qa,general_answer_authority,unknown_effectivity,Effective when contingency met. See Compiler's Notes.,,,true,unknown-effective-date issue; warnings=effective_dated_version_unit; high_risk=termination of parental rights|removal,Needs further review,Corpus administrator,Blocks retrieval and display until current-law status is confirmed,Effective date or current-law status cannot be verified,chunk_count=3; chunk_types=annotation_candidate:1|black_letter_text:1|history:1; warning_counts=effective_dated_version_unit:3; high_risk_domains=removal|termination of parental rights
unknown_effectivity_version,High,statute,tca_title_37,37_2_203_37_3_405.pdf,4505a32368dd82bcc6408f4fe16b2513cc23b2c810ae9254e0e21bc9d17153f5,Benchbook.ai Database Files/Title 37/37_2_203_37_3_405.pdf,,6005607f-83e7-5619-a510-4bd64a996e9a,d9e7cd47-72cd-5028-b6da-c26f75242c12,Tenn. Code Ann. Sec. 37-2-705,tenncodeann372705,37-2-705. Parental rights  -  Voluntary termination. [Effective when contingency met. See Compiler's Notes.],,37-2-705,,,2,pending_extraction_qa,general_answer_authority,unknown_effectivity,Effective when contingency met. See Compiler's Notes.,,,true,unknown-effective-date issue; warnings=effective_dated_version_unit; high_risk=termination of parental rights,Needs further review,Corpus administrator,Blocks retrieval and display until current-law status is confirmed,Effective date or current-law status cannot be verified,chunk_count=3; chunk_types=annotation_candidate:1|black_letter_text:1|history:1; warning_counts=effective_dated_version_unit:3; high_risk_domains=termination of parental rights
unknown_effectivity_version,High,statute,tca_title_37,37_2_203_37_3_405.pdf,4505a32368dd82bcc6408f4fe16b2513cc23b2c810ae9254e0e21bc9d17153f5,Benchbook.ai Database Files/Title 37/37_2_203_37_3_405.pdf,,7f851312-4f8d-55e3-be57-295032b7c539,da5e1953-d09d-59ce-b025-03561f298ea1,Tenn. Code Ann. Sec. 37-2-714,tenncodeann372714,37-2-714. Rules. [Effective when contingency met. See Compiler's Notes.],,37-2-714,,,2,pending_extraction_qa,general_answer_authority,unknown_effectivity,Effective when contingency met. See Compiler's Notes.,,,true,unknown-effective-date issue; warnings=effective_dated_version_unit,Needs further review,Corpus administrator,Blocks retrieval and display until current-law status is confirmed,Effective date or current-law status cannot be verified,chunk_count=3; chunk_types=annotation_candidate:1|black_letter_text:1|history:1; warning_counts=effective_dated_version_unit:3
unknown_effectivity_version,High,statute,tca_title_37,37_2_203_37_3_405.pdf,4505a32368dd82bcc6408f4fe16b2513cc23b2c810ae9254e0e21bc9d17153f5,Benchbook.ai Database Files/Title 37/37_2_203_37_3_405.pdf,,c9dc66c8-c227-5d71-a1c0-d87a2b84c9cd,e79ddfd1-9a76-55cb-a64f-998d3869cabc,Tenn. Code Ann. Sec. 37-2-703,tenncodeann372703,37-2-703. Indian tribe jurisdiction over Indian child custody proceedings.,,37-2-703,,,2,pending_extraction_qa,general_answer_authority,unknown_effectivity,Effective when contingency met. See Compiler's Notes.,,,true,unknown-effective-date issue; warnings=effective_dated_version_text; high_risk=custody,Needs further review,Corpus administrator,Blocks retrieval and display until current-law status is confirmed,Effective date or current-law status cannot be verified,chunk_count=1; chunk_types=black_letter_text:1; warning_counts=effective_dated_version_text:1; high_risk_domains=custody
unknown_effectivity_version,High,statute,tca_title_37,37_2_203_37_3_405.pdf,4505a32368dd82bcc6408f4fe16b2513cc23b2c810ae9254e0e21bc9d17153f5,Benchbook.ai Database Files/Title 37/37_2_203_37_3_405.pdf,,0a412ae5-0ba9-5eb1-9565-8f17bfad465d,f4a84e34-db5d-5a69-989d-70e6307218c4,Tenn. Code Ann. Sec. 37-2-713,tenncodeann372713,37-2-713. Information availability to and disclosure by commissioner.,,37-2-713,,,2,pending_extraction_qa,general_answer_authority,unknown_effectivity,Effective when contingency met. See Compiler's Notes.,,,true,unknown-effective-date issue; warnings=effective_dated_version_text,Needs further review,Corpus administrator,Blocks retrieval and display until current-law status is confirmed,Effective date or current-law status cannot be verified,chunk_count=1; chunk_types=black_letter_text:1; warning_counts=effective_dated_version_text:1
unknown_effectivity_version,High,statute,tca_title_37,37_2_203_37_3_405.pdf,4505a32368dd82bcc6408f4fe16b2513cc23b2c810ae9254e0e21bc9d17153f5,Benchbook.ai Database Files/Title 37/37_2_203_37_3_405.pdf,,978a3864-7dd9-523a-a094-7f822a8a3382,f50242a1-003d-506b-84ee-013739e5d741,Tenn. Code Ann. Sec. 37-2-707,tenncodeann372707,37-2-707. Placement of Indian children. [Effective when contingency met. See Compiler's Notes.],,37-2-707,,,2,pending_extraction_qa,general_answer_authority,unknown_effectivity,Effective when contingency met. See Compiler's Notes.,,,true,unknown-effective-date issue; warnings=effective_dated_version_unit,Needs further review,Corpus administrator,Blocks retrieval and display until current-law status is confirmed,Effective date or current-law status cannot be verified,chunk_count=3; chunk_types=annotation_candidate:1|black_letter_text:1|history:1; warning_counts=effective_dated_version_unit:3
