artifact_type,source_queue,queue_category,priority,source_type,authority_family,source_file,source_sha256,source_path,chunk_id,authority_unit_id,authority_version_id,citation,normalized_citation,title,rule_number,section,policy_number,policy_chapter,document_type,display_status,answer_scope,version_status,effective_label,valid_from,valid_to,requires_qa_signoff,warning_category,current_value,proposed_value,proposed_action,decision_status,reviewer_role,reviewer_name,review_date,owner_escalation_required,production_impact,stop_condition,notes
unresolved_identity_patch_map,unresolved_identity_units.csv,unresolved_identity_unit,High,dcs_policy,dcs_policies_procedures,197_Memo_Exigent_Circumstances_Memo.pdf,7d9c623d63c9188eed2daee3111363a205a8140b15191bbdd2ec9d5354f19506,Benchbook.ai Database Files/DCS P&P/TN_DCS_Policies/Ch14_CPS/197_Memo_Exigent_Circumstances_Memo.pdf,,6b571c85-2201-5e97-afa9-5886c963d1b5,3007324f-c9ed-5b49-8d82-90c9a2ec4272,Document header (application/authority/dates),documentheaderapplicationauthoritydates,Memo Exigent Circumstances Memo,,Document header (application/authority/dates),,Ch14_CPS,unknown,pending_extraction_qa,guardrail_reference_only,current,,1900-01-01,,false,authority unit unresolved; high_risk=juvenile-court procedure,display_status=pending_extraction_qa; answer_scope=guardrail_reference_only; version_status=current,identity_pending_corpus_admin_review,review_identity_metadata,pending_corpus_admin_review,Corpus administrator,,,true,blocks_app_integration_or_display_until_resolved,Cannot identify reliable authority unit from metadata alone,chunk_count=1; chunk_types=metadata:1; E14-B candidate only from unresolved_identity_units.csv; no corpus change applied
unresolved_identity_patch_map,unresolved_identity_units.csv,unresolved_identity_unit,High,dcs_policy,dcs_policies_procedures,197_Memo_Exigent_Circumstances_Memo.pdf,7d9c623d63c9188eed2daee3111363a205a8140b15191bbdd2ec9d5354f19506,Benchbook.ai Database Files/DCS P&P/TN_DCS_Policies/Ch14_CPS/197_Memo_Exigent_Circumstances_Memo.pdf,,ca4ac663-0eed-58e7-a5ae-8a1b7fc08326,8df805b5-d8ef-5491-8bca-7bab0337e28b,,,Memo Exigent Circumstances Memo,,,,Ch14_CPS,unknown,pending_extraction_qa,guardrail_reference_only,current,,1900-01-01,,false,authority unit unresolved; high_risk=juvenile-court procedure,display_status=pending_extraction_qa; answer_scope=guardrail_reference_only; version_status=current,identity_pending_corpus_admin_review,review_identity_metadata,pending_corpus_admin_review,Corpus administrator,,,true,blocks_app_integration_or_display_until_resolved,Cannot identify reliable authority unit from metadata alone,chunk_count=1; chunk_types=unknown:1; E14-B candidate only from unresolved_identity_units.csv; no corpus change applied
unresolved_identity_patch_map,unresolved_identity_units.csv,unresolved_identity_unit,High,dcs_policy,dcs_policies_procedures,280_Attachment_NOA-GRIER_FAQ.pdf,7bbf914ff556acff2c25f672fd1e6c6231f869508c63c42b0dfb0f8545427b95,Benchbook.ai Database Files/DCS P&P/TN_DCS_Policies/Ch16A_Foster_Care/280_Attachment_NOA-GRIER_FAQ.pdf,,4491722a-eeb3-5df4-8a8a-da5d3dc0de62,cbb25ed2-72fb-502a-9be9-635694a410d1,Document header (application/authority/dates),documentheaderapplicationauthoritydates,Attachment NOA GRIER FAQ,,Document header (application/authority/dates),,Ch16A_Foster_Care,unknown,pending_extraction_qa,guardrail_reference_only,current,,1900-01-01,,false,authority unit unresolved; high_risk=juvenile-court procedure,display_status=pending_extraction_qa; answer_scope=guardrail_reference_only; version_status=current,identity_pending_corpus_admin_review,review_identity_metadata,pending_corpus_admin_review,Corpus administrator,,,true,blocks_app_integration_or_display_until_resolved,Cannot identify reliable authority unit from metadata alone,chunk_count=1; chunk_types=metadata:1; E14-B candidate only from unresolved_identity_units.csv; no corpus change applied
unresolved_identity_patch_map,unresolved_identity_units.csv,unresolved_identity_unit,High,dcs_policy,dcs_policies_procedures,280_Attachment_NOA-GRIER_FAQ.pdf,7bbf914ff556acff2c25f672fd1e6c6231f869508c63c42b0dfb0f8545427b95,Benchbook.ai Database Files/DCS P&P/TN_DCS_Policies/Ch16A_Foster_Care/280_Attachment_NOA-GRIER_FAQ.pdf,,3bcfb5bb-17b5-5897-bd6d-e8092e250e41,fee4aacd-4f88-50f3-8ddd-b4a9499e3464,,,Attachment NOA GRIER FAQ,,,,Ch16A_Foster_Care,unknown,pending_extraction_qa,guardrail_reference_only,current,,1900-01-01,,false,authority unit unresolved; high_risk=juvenile-court procedure,display_status=pending_extraction_qa; answer_scope=guardrail_reference_only; version_status=current,identity_pending_corpus_admin_review,review_identity_metadata,pending_corpus_admin_review,Corpus administrator,,,true,blocks_app_integration_or_display_until_resolved,Cannot identify reliable authority unit from metadata alone,chunk_count=1; chunk_types=unknown:1; E14-B candidate only from unresolved_identity_units.csv; no corpus change applied
unresolved_identity_patch_map,unresolved_identity_units.csv,unresolved_identity_unit,High,dcs_policy,dcs_policies_procedures,335_Attachment_Guidelines_for_Life_Story_Books.pdf,39fe02191840f22393186e40b8de085fe0dd8491e1c410045785fd1346307580,Benchbook.ai Database Files/DCS P&P/TN_DCS_Policies/Ch16B_Foster_Homes/335_Attachment_Guidelines_for_Life_Story_Books.pdf,,9596ae61-207d-5d7e-8e3c-eaa21bb2917c,dddbf6f5-f648-5cd5-a011-8b4d4b6b6ae3,Document header (application/authority/dates),documentheaderapplicationauthoritydates,Attachment Guidelines for Life Story Books,,Document header (application/authority/dates),,Ch16B_Foster_Homes,unknown,pending_extraction_qa,guardrail_reference_only,current,,1900-01-01,,false,authority unit unresolved; high_risk=juvenile-court procedure,display_status=pending_extraction_qa; answer_scope=guardrail_reference_only; version_status=current,identity_pending_corpus_admin_review,review_identity_metadata,pending_corpus_admin_review,Corpus administrator,,,true,blocks_app_integration_or_display_until_resolved,Cannot identify reliable authority unit from metadata alone,chunk_count=1; chunk_types=metadata:1; E14-B candidate only from unresolved_identity_units.csv; no corpus change applied
unresolved_identity_patch_map,unresolved_identity_units.csv,unresolved_identity_unit,High,dcs_policy,dcs_policies_procedures,335_Attachment_Guidelines_for_Life_Story_Books.pdf,39fe02191840f22393186e40b8de085fe0dd8491e1c410045785fd1346307580,Benchbook.ai Database Files/DCS P&P/TN_DCS_Policies/Ch16B_Foster_Homes/335_Attachment_Guidelines_for_Life_Story_Books.pdf,,f4fc9b81-3404-57dc-a204-b646b2efdcde,1f3b379c-0bec-55e8-970a-abafc8bdfe2b,Purpose:,purpose,Attachment Guidelines for Life Story Books,,Purpose:,,Ch16B_Foster_Homes,unknown,pending_extraction_qa,guardrail_reference_only,current,,1900-01-01,,false,authority unit unresolved; high_risk=juvenile-court procedure,display_status=pending_extraction_qa; answer_scope=guardrail_reference_only; version_status=current,identity_pending_corpus_admin_review,review_identity_metadata,pending_corpus_admin_review,Corpus administrator,,,true,blocks_app_integration_or_display_until_resolved,Cannot identify reliable authority unit from metadata alone,chunk_count=1; chunk_types=unknown:1; E14-B candidate only from unresolved_identity_units.csv; no corpus change applied
unresolved_identity_patch_map,unresolved_identity_units.csv,unresolved_identity_unit,High,dcs_policy,dcs_policies_procedures,336_Attachment_Guidelines_for_Foster_Care_Associations.pdf,6d2f8b8bf3dc41aeb1c81c3bbfa67e2a677aa4199de7cf9bfdfe45aa36657645,Benchbook.ai Database Files/DCS P&P/TN_DCS_Policies/Ch16B_Foster_Homes/336_Attachment_Guidelines_for_Foster_Care_Associations.pdf,,7ae59268-f195-5caa-99ff-8e2dde1618aa,58fd31ca-6b57-5204-bc04-48ebb83551ac,Document header (application/authority/dates),documentheaderapplicationauthoritydates,Attachment Guidelines for Foster Care Associations,,Document header (application/authority/dates),,Ch16B_Foster_Homes,unknown,pending_extraction_qa,guardrail_reference_only,current,,1900-01-01,,false,authority unit unresolved; high_risk=juvenile-court procedure,display_status=pending_extraction_qa; answer_scope=guardrail_reference_only; version_status=current,identity_pending_corpus_admin_review,review_identity_metadata,pending_corpus_admin_review,Corpus administrator,,,true,blocks_app_integration_or_display_until_resolved,Cannot identify reliable authority unit from metadata alone,chunk_count=1; chunk_types=metadata:1; E14-B candidate only from unresolved_identity_units.csv; no corpus change applied
unresolved_identity_patch_map,unresolved_identity_units.csv,unresolved_identity_unit,High,dcs_policy,dcs_policies_procedures,336_Attachment_Guidelines_for_Foster_Care_Associations.pdf,6d2f8b8bf3dc41aeb1c81c3bbfa67e2a677aa4199de7cf9bfdfe45aa36657645,Benchbook.ai Database Files/DCS P&P/TN_DCS_Policies/Ch16B_Foster_Homes/336_Attachment_Guidelines_for_Foster_Care_Associations.pdf,,9e178fc4-3991-56ac-b783-d14d3865558b,7eead509-4be6-542c-8b00-fd404f506766,,,Attachment Guidelines for Foster Care Associations,,,,Ch16B_Foster_Homes,unknown,pending_extraction_qa,guardrail_reference_only,current,,1900-01-01,,false,authority unit unresolved; high_risk=juvenile-court procedure,display_status=pending_extraction_qa; answer_scope=guardrail_reference_only; version_status=current,identity_pending_corpus_admin_review,review_identity_metadata,pending_corpus_admin_review,Corpus administrator,,,true,blocks_app_integration_or_display_until_resolved,Cannot identify reliable authority unit from metadata alone,chunk_count=1; chunk_types=unknown:1; E14-B candidate only from unresolved_identity_units.csv; no corpus change applied
unresolved_identity_patch_map,unresolved_identity_units.csv,unresolved_identity_unit,High,dcs_policy,dcs_policies_procedures,594_Policy_Protocol_for_Search_Procedures.pdf,c31b4b1e5dc86dd583caac7073b090b146d59b4905f5ff3f7a74ca5d9bc8c2e0,Benchbook.ai Database Files/DCS P&P/TN_DCS_Policies/Ch31_Field_Services/594_Policy_Protocol_for_Search_Procedures.pdf,,1fa54048-99f6-5376-9380-3c27c2248934,6eeb104d-fe67-50c8-8d93-25a43ea7c65d,Document header (application/authority/dates),documentheaderapplicationauthoritydates,Policy Protocol for Search Procedures,,Document header (application/authority/dates),,Ch31_Field_Services,unknown,pending_extraction_qa,guardrail_reference_only,current,,1900-01-01,,false,authority unit unresolved; high_risk=juvenile-court procedure,display_status=pending_extraction_qa; answer_scope=guardrail_reference_only; version_status=current,identity_pending_corpus_admin_review,review_identity_metadata,pending_corpus_admin_review,Corpus administrator,,,true,blocks_app_integration_or_display_until_resolved,Cannot identify reliable authority unit from metadata alone,chunk_count=1; chunk_types=metadata:1; E14-B candidate only from unresolved_identity_units.csv; no corpus change applied
unresolved_identity_patch_map,unresolved_identity_units.csv,unresolved_identity_unit,High,dcs_policy,dcs_policies_procedures,594_Policy_Protocol_for_Search_Procedures.pdf,c31b4b1e5dc86dd583caac7073b090b146d59b4905f5ff3f7a74ca5d9bc8c2e0,Benchbook.ai Database Files/DCS P&P/TN_DCS_Policies/Ch31_Field_Services/594_Policy_Protocol_for_Search_Procedures.pdf,,568e7cba-310a-5279-8d83-16534752e0ee,330a68d0-68b5-532c-b461-9dc0d51601d1,,,Policy Protocol for Search Procedures,,,,Ch31_Field_Services,unknown,pending_extraction_qa,guardrail_reference_only,current,,1900-01-01,,false,authority unit unresolved; warnings=unusually_large_chunk; high_risk=juvenile-court procedure,display_status=pending_extraction_qa; answer_scope=guardrail_reference_only; version_status=current,identity_pending_corpus_admin_review,review_identity_metadata,pending_corpus_admin_review,Corpus administrator,,,true,blocks_app_integration_or_display_until_resolved,Cannot identify reliable authority unit from metadata alone,chunk_count=5; chunk_types=unknown:5; E14-B candidate only from unresolved_identity_units.csv; no corpus change applied
unresolved_identity_patch_map,unresolved_identity_units.csv,unresolved_identity_unit,High,dcs_policy,dcs_policies_procedures,604_Flyer_Child_and_Family_Team_Meeting_Flyer.pdf,bca063d55b518835b83b60149894068e1bda89ca239e9f5e1f32d5720b8b9e49,Benchbook.ai Database Files/DCS P&P/TN_DCS_Policies/Ch31_Field_Services/604_Flyer_Child_and_Family_Team_Meeting_Flyer.pdf,,9bf6c1ad-b574-5036-879a-066b1ad841b0,c683bc5c-3ceb-5681-bfdf-d5fbfa3e8cce,Document header (application/authority/dates),documentheaderapplicationauthoritydates,Flyer Child and Family Team Meeting Flyer,,Document header (application/authority/dates),,Ch31_Field_Services,unknown,pending_extraction_qa,guardrail_reference_only,current,,1900-01-01,,false,authority unit unresolved; high_risk=juvenile-court procedure,display_status=pending_extraction_qa; answer_scope=guardrail_reference_only; version_status=current,identity_pending_corpus_admin_review,review_identity_metadata,pending_corpus_admin_review,Corpus administrator,,,true,blocks_app_integration_or_display_until_resolved,Cannot identify reliable authority unit from metadata alone,chunk_count=1; chunk_types=metadata:1; E14-B candidate only from unresolved_identity_units.csv; no corpus change applied
unresolved_identity_patch_map,unresolved_identity_units.csv,unresolved_identity_unit,High,dcs_policy,dcs_policies_procedures,605_Flyer_What_Youth_Should_Know_About_a_CFTM.pdf,7cc41afaebb19be87d9a1271273a0a9f82884edbb98b28be31b5bd353ddf55da,Benchbook.ai Database Files/DCS P&P/TN_DCS_Policies/Ch31_Field_Services/605_Flyer_What_Youth_Should_Know_About_a_CFTM.pdf,,850f87b3-5192-5dd3-9d83-ec1364fe63fc,321ae10c-c3fb-5b3b-82fb-330dc7702a4e,Document header (application/authority/dates),documentheaderapplicationauthoritydates,Flyer What Youth Should Know About a CFTM,,Document header (application/authority/dates),,Ch31_Field_Services,unknown,pending_extraction_qa,guardrail_reference_only,current,,1900-01-01,,false,authority unit unresolved; high_risk=juvenile-court procedure,display_status=pending_extraction_qa; answer_scope=guardrail_reference_only; version_status=current,identity_pending_corpus_admin_review,review_identity_metadata,pending_corpus_admin_review,Corpus administrator,,,true,blocks_app_integration_or_display_until_resolved,Cannot identify reliable authority unit from metadata alone,chunk_count=1; chunk_types=metadata:1; E14-B candidate only from unresolved_identity_units.csv; no corpus change applied
unresolved_identity_patch_map,unresolved_identity_units.csv,unresolved_identity_unit,High,dcs_policy,dcs_policies_procedures,630_Attachment_Transportation_Resource_List.pdf,2927b64e58cc1a9ba9a0ad00f0dae71090297a0a3e9f99b7aaf35273104c16e1,Benchbook.ai Database Files/DCS P&P/TN_DCS_Policies/Ch31_Field_Services/630_Attachment_Transportation_Resource_List.pdf,,13ade3d2-e179-598b-8a23-3b5d166a8e9a,52b909fc-73bb-5280-8048-d1064a9d3411,Document header (application/authority/dates),documentheaderapplicationauthoritydates,Attachment Transportation Resource List,,Document header (application/authority/dates),,Ch31_Field_Services,unknown,pending_extraction_qa,guardrail_reference_only,current,,1900-01-01,,false,authority unit unresolved; high_risk=juvenile-court procedure,display_status=pending_extraction_qa; answer_scope=guardrail_reference_only; version_status=current,identity_pending_corpus_admin_review,review_identity_metadata,pending_corpus_admin_review,Corpus administrator,,,true,blocks_app_integration_or_display_until_resolved,Cannot identify reliable authority unit from metadata alone,chunk_count=1; chunk_types=metadata:1; E14-B candidate only from unresolved_identity_units.csv; no corpus change applied
unresolved_identity_patch_map,unresolved_identity_units.csv,unresolved_identity_unit,High,dcs_policy,dcs_policies_procedures,630_Attachment_Transportation_Resource_List.pdf,2927b64e58cc1a9ba9a0ad00f0dae71090297a0a3e9f99b7aaf35273104c16e1,Benchbook.ai Database Files/DCS P&P/TN_DCS_Policies/Ch31_Field_Services/630_Attachment_Transportation_Resource_List.pdf,,819cb09b-2cad-512c-aebb-bcfcab38e6ac,9129d358-5661-5b3e-abd5-011ee663be95,,,Attachment Transportation Resource List,,,,Ch31_Field_Services,unknown,pending_extraction_qa,guardrail_reference_only,current,,1900-01-01,,false,authority unit unresolved; high_risk=juvenile-court procedure,display_status=pending_extraction_qa; answer_scope=guardrail_reference_only; version_status=current,identity_pending_corpus_admin_review,review_identity_metadata,pending_corpus_admin_review,Corpus administrator,,,true,blocks_app_integration_or_display_until_resolved,Cannot identify reliable authority unit from metadata alone,chunk_count=1; chunk_types=unknown:1; E14-B candidate only from unresolved_identity_units.csv; no corpus change applied
unresolved_identity_patch_map,unresolved_identity_units.csv,unresolved_identity_unit,High,dcs_policy,dcs_policies_procedures,642_WorkAid_Use_of_Mechanical_Restraints_for_Youth.pdf,7adc0db7b13f771e2bceeddb94847b7c4e97ca6fcb568bb3c2009b699c9975e5,Benchbook.ai Database Files/DCS P&P/TN_DCS_Policies/Ch31_Field_Services/642_WorkAid_Use_of_Mechanical_Restraints_for_Youth.pdf,,ce32e25b-91a9-5c25-8c55-64b5b5983158,13a6c501-9f5e-5fd3-8c69-942d5cd6f76f,Document header (application/authority/dates),documentheaderapplicationauthoritydates,WorkAid Use of Mechanical Restraints for Youth,,Document header (application/authority/dates),,Ch31_Field_Services,unknown,pending_extraction_qa,guardrail_reference_only,current,,1900-01-01,,false,authority unit unresolved; high_risk=juvenile-court procedure,display_status=pending_extraction_qa; answer_scope=guardrail_reference_only; version_status=current,identity_pending_corpus_admin_review,review_identity_metadata,pending_corpus_admin_review,Corpus administrator,,,true,blocks_app_integration_or_display_until_resolved,Cannot identify reliable authority unit from metadata alone,chunk_count=1; chunk_types=metadata:1; E14-B candidate only from unresolved_identity_units.csv; no corpus change applied
unresolved_identity_patch_map,unresolved_identity_units.csv,unresolved_identity_unit,High,dcs_policy,dcs_policies_procedures,642_WorkAid_Use_of_Mechanical_Restraints_for_Youth.pdf,7adc0db7b13f771e2bceeddb94847b7c4e97ca6fcb568bb3c2009b699c9975e5,Benchbook.ai Database Files/DCS P&P/TN_DCS_Policies/Ch31_Field_Services/642_WorkAid_Use_of_Mechanical_Restraints_for_Youth.pdf,,116ccb1d-93f9-5784-ad3d-12ce248ffdc7,344663e9-d497-5896-8fc9-13ae43325e13,,,WorkAid Use of Mechanical Restraints for Youth,,,,Ch31_Field_Services,unknown,pending_extraction_qa,guardrail_reference_only,current,,1900-01-01,,false,authority unit unresolved; high_risk=juvenile-court procedure,display_status=pending_extraction_qa; answer_scope=guardrail_reference_only; version_status=current,identity_pending_corpus_admin_review,review_identity_metadata,pending_corpus_admin_review,Corpus administrator,,,true,blocks_app_integration_or_display_until_resolved,Cannot identify reliable authority unit from metadata alone,chunk_count=1; chunk_types=unknown:1; E14-B candidate only from unresolved_identity_units.csv; no corpus change applied
unresolved_identity_patch_map,unresolved_identity_units.csv,unresolved_identity_unit,High,rule,tenn_rules_evidence,Tenn. R. Evid..pdf,e61ffa2bef765e411807161f3fd470536dc2bd1a9d2b715a058c2df9dd589afe,Benchbook.ai Database Files/Tenn. R. Evid..pdf,,49d00b3f-a347-52ca-9302-36b450a96972,3b23bf5e-f436-5061-9281-4275371ef92a,,,Note,,,,,,restricted_pending_license_review,limited_evidentiary_procedural,current,,1900-01-01,,false,authority unit unresolved,display_status=restricted_pending_license_review; answer_scope=limited_evidentiary_procedural; version_status=current,identity_pending_corpus_admin_review,review_identity_metadata,pending_corpus_admin_review,Corpus administrator,,,true,blocks_app_integration_or_display_until_resolved,Cannot identify reliable authority unit from metadata alone,chunk_count=1; chunk_types=annotation_candidate:1; E14-B candidate only from unresolved_identity_units.csv; no corpus change applied
unresolved_identity_patch_map,unresolved_identity_chunks.csv,unresolved_identity_chunk,High,dcs_policy,dcs_policies_procedures,197_Memo_Exigent_Circumstances_Memo.pdf,7d9c623d63c9188eed2daee3111363a205a8140b15191bbdd2ec9d5354f19506,Benchbook.ai Database Files/DCS P&P/TN_DCS_Policies/Ch14_CPS/197_Memo_Exigent_Circumstances_Memo.pdf,bb-exp-2f4e35ec4ede3efc2c1a1129,6b571c85-2201-5e97-afa9-5886c963d1b5,3007324f-c9ed-5b49-8d82-90c9a2ec4272,Document header (application/authority/dates),documentheaderapplicationauthoritydates,Memo Exigent Circumstances Memo,,Document header (application/authority/dates),,Ch14_CPS,unknown,pending_extraction_qa,guardrail_reference_only,current,,1900-01-01,,false,identity unresolved; high_risk=juvenile-court procedure,display_status=pending_extraction_qa; answer_scope=guardrail_reference_only; version_status=current,identity_pending_corpus_admin_review,review_identity_metadata,pending_corpus_admin_review,Corpus administrator,,,true,blocks_app_integration_or_display_until_resolved,Cannot identify reliable authority unit from metadata alone,identity_status=unresolved; chunk_type=metadata; E14-B candidate only from unresolved_identity_chunks.csv; no corpus change applied
unresolved_identity_patch_map,unresolved_identity_chunks.csv,unresolved_identity_chunk,High,dcs_policy,dcs_policies_procedures,197_Memo_Exigent_Circumstances_Memo.pdf,7d9c623d63c9188eed2daee3111363a205a8140b15191bbdd2ec9d5354f19506,Benchbook.ai Database Files/DCS P&P/TN_DCS_Policies/Ch14_CPS/197_Memo_Exigent_Circumstances_Memo.pdf,bb-exp-d0fe8c271a100f5c3197c47c,ca4ac663-0eed-58e7-a5ae-8a1b7fc08326,8df805b5-d8ef-5491-8bca-7bab0337e28b,,,Memo Exigent Circumstances Memo,,,,Ch14_CPS,unknown,pending_extraction_qa,guardrail_reference_only,current,,1900-01-01,,false,identity unresolved; high_risk=juvenile-court procedure,display_status=pending_extraction_qa; answer_scope=guardrail_reference_only; version_status=current,identity_pending_corpus_admin_review,review_identity_metadata,pending_corpus_admin_review,Corpus administrator,,,true,blocks_app_integration_or_display_until_resolved,Cannot identify reliable authority unit from metadata alone,identity_status=unresolved; chunk_type=unknown; E14-B candidate only from unresolved_identity_chunks.csv; no corpus change applied
unresolved_identity_patch_map,unresolved_identity_chunks.csv,unresolved_identity_chunk,High,dcs_policy,dcs_policies_procedures,280_Attachment_NOA-GRIER_FAQ.pdf,7bbf914ff556acff2c25f672fd1e6c6231f869508c63c42b0dfb0f8545427b95,Benchbook.ai Database Files/DCS P&P/TN_DCS_Policies/Ch16A_Foster_Care/280_Attachment_NOA-GRIER_FAQ.pdf,bb-exp-79335eb1433bcc2d064308cb,4491722a-eeb3-5df4-8a8a-da5d3dc0de62,cbb25ed2-72fb-502a-9be9-635694a410d1,Document header (application/authority/dates),documentheaderapplicationauthoritydates,Attachment NOA GRIER FAQ,,Document header (application/authority/dates),,Ch16A_Foster_Care,unknown,pending_extraction_qa,guardrail_reference_only,current,,1900-01-01,,false,identity unresolved; high_risk=juvenile-court procedure,display_status=pending_extraction_qa; answer_scope=guardrail_reference_only; version_status=current,identity_pending_corpus_admin_review,review_identity_metadata,pending_corpus_admin_review,Corpus administrator,,,true,blocks_app_integration_or_display_until_resolved,Cannot identify reliable authority unit from metadata alone,identity_status=unresolved; chunk_type=metadata; E14-B candidate only from unresolved_identity_chunks.csv; no corpus change applied
unresolved_identity_patch_map,unresolved_identity_chunks.csv,unresolved_identity_chunk,High,dcs_policy,dcs_policies_procedures,280_Attachment_NOA-GRIER_FAQ.pdf,7bbf914ff556acff2c25f672fd1e6c6231f869508c63c42b0dfb0f8545427b95,Benchbook.ai Database Files/DCS P&P/TN_DCS_Policies/Ch16A_Foster_Care/280_Attachment_NOA-GRIER_FAQ.pdf,bb-exp-74103401b8e049e9dfd13b0f,3bcfb5bb-17b5-5897-bd6d-e8092e250e41,fee4aacd-4f88-50f3-8ddd-b4a9499e3464,,,Attachment NOA GRIER FAQ,,,,Ch16A_Foster_Care,unknown,pending_extraction_qa,guardrail_reference_only,current,,1900-01-01,,false,identity unresolved; high_risk=juvenile-court procedure,display_status=pending_extraction_qa; answer_scope=guardrail_reference_only; version_status=current,identity_pending_corpus_admin_review,review_identity_metadata,pending_corpus_admin_review,Corpus administrator,,,true,blocks_app_integration_or_display_until_resolved,Cannot identify reliable authority unit from metadata alone,identity_status=unresolved; chunk_type=unknown; E14-B candidate only from unresolved_identity_chunks.csv; no corpus change applied
unresolved_identity_patch_map,unresolved_identity_chunks.csv,unresolved_identity_chunk,High,dcs_policy,dcs_policies_procedures,335_Attachment_Guidelines_for_Life_Story_Books.pdf,39fe02191840f22393186e40b8de085fe0dd8491e1c410045785fd1346307580,Benchbook.ai Database Files/DCS P&P/TN_DCS_Policies/Ch16B_Foster_Homes/335_Attachment_Guidelines_for_Life_Story_Books.pdf,bb-exp-289559e05a8b8fcf138bdd4c,9596ae61-207d-5d7e-8e3c-eaa21bb2917c,dddbf6f5-f648-5cd5-a011-8b4d4b6b6ae3,Document header (application/authority/dates),documentheaderapplicationauthoritydates,Attachment Guidelines for Life Story Books,,Document header (application/authority/dates),,Ch16B_Foster_Homes,unknown,pending_extraction_qa,guardrail_reference_only,current,,1900-01-01,,false,identity unresolved; high_risk=juvenile-court procedure,display_status=pending_extraction_qa; answer_scope=guardrail_reference_only; version_status=current,identity_pending_corpus_admin_review,review_identity_metadata,pending_corpus_admin_review,Corpus administrator,,,true,blocks_app_integration_or_display_until_resolved,Cannot identify reliable authority unit from metadata alone,identity_status=unresolved; chunk_type=metadata; E14-B candidate only from unresolved_identity_chunks.csv; no corpus change applied
unresolved_identity_patch_map,unresolved_identity_chunks.csv,unresolved_identity_chunk,High,dcs_policy,dcs_policies_procedures,335_Attachment_Guidelines_for_Life_Story_Books.pdf,39fe02191840f22393186e40b8de085fe0dd8491e1c410045785fd1346307580,Benchbook.ai Database Files/DCS P&P/TN_DCS_Policies/Ch16B_Foster_Homes/335_Attachment_Guidelines_for_Life_Story_Books.pdf,bb-exp-f3fc62143b72d4b2682b2269,f4fc9b81-3404-57dc-a204-b646b2efdcde,1f3b379c-0bec-55e8-970a-abafc8bdfe2b,Purpose:,purpose,Attachment Guidelines for Life Story Books,,Purpose:,,Ch16B_Foster_Homes,unknown,pending_extraction_qa,guardrail_reference_only,current,,1900-01-01,,false,identity unresolved; high_risk=juvenile-court procedure,display_status=pending_extraction_qa; answer_scope=guardrail_reference_only; version_status=current,identity_pending_corpus_admin_review,review_identity_metadata,pending_corpus_admin_review,Corpus administrator,,,true,blocks_app_integration_or_display_until_resolved,Cannot identify reliable authority unit from metadata alone,identity_status=unresolved; chunk_type=unknown; E14-B candidate only from unresolved_identity_chunks.csv; no corpus change applied
unresolved_identity_patch_map,unresolved_identity_chunks.csv,unresolved_identity_chunk,High,dcs_policy,dcs_policies_procedures,336_Attachment_Guidelines_for_Foster_Care_Associations.pdf,6d2f8b8bf3dc41aeb1c81c3bbfa67e2a677aa4199de7cf9bfdfe45aa36657645,Benchbook.ai Database Files/DCS P&P/TN_DCS_Policies/Ch16B_Foster_Homes/336_Attachment_Guidelines_for_Foster_Care_Associations.pdf,bb-exp-b8e588d1d1743b1f03ac0f0c,7ae59268-f195-5caa-99ff-8e2dde1618aa,58fd31ca-6b57-5204-bc04-48ebb83551ac,Document header (application/authority/dates),documentheaderapplicationauthoritydates,Attachment Guidelines for Foster Care Associations,,Document header (application/authority/dates),,Ch16B_Foster_Homes,unknown,pending_extraction_qa,guardrail_reference_only,current,,1900-01-01,,false,identity unresolved; high_risk=juvenile-court procedure,display_status=pending_extraction_qa; answer_scope=guardrail_reference_only; version_status=current,identity_pending_corpus_admin_review,review_identity_metadata,pending_corpus_admin_review,Corpus administrator,,,true,blocks_app_integration_or_display_until_resolved,Cannot identify reliable authority unit from metadata alone,identity_status=unresolved; chunk_type=metadata; E14-B candidate only from unresolved_identity_chunks.csv; no corpus change applied
unresolved_identity_patch_map,unresolved_identity_chunks.csv,unresolved_identity_chunk,High,dcs_policy,dcs_policies_procedures,336_Attachment_Guidelines_for_Foster_Care_Associations.pdf,6d2f8b8bf3dc41aeb1c81c3bbfa67e2a677aa4199de7cf9bfdfe45aa36657645,Benchbook.ai Database Files/DCS P&P/TN_DCS_Policies/Ch16B_Foster_Homes/336_Attachment_Guidelines_for_Foster_Care_Associations.pdf,bb-exp-fde0dfeaf28a28c0c21019b7,9e178fc4-3991-56ac-b783-d14d3865558b,7eead509-4be6-542c-8b00-fd404f506766,,,Attachment Guidelines for Foster Care Associations,,,,Ch16B_Foster_Homes,unknown,pending_extraction_qa,guardrail_reference_only,current,,1900-01-01,,false,identity unresolved; high_risk=juvenile-court procedure,display_status=pending_extraction_qa; answer_scope=guardrail_reference_only; version_status=current,identity_pending_corpus_admin_review,review_identity_metadata,pending_corpus_admin_review,Corpus administrator,,,true,blocks_app_integration_or_display_until_resolved,Cannot identify reliable authority unit from metadata alone,identity_status=unresolved; chunk_type=unknown; E14-B candidate only from unresolved_identity_chunks.csv; no corpus change applied
unresolved_identity_patch_map,unresolved_identity_chunks.csv,unresolved_identity_chunk,High,dcs_policy,dcs_policies_procedures,594_Policy_Protocol_for_Search_Procedures.pdf,c31b4b1e5dc86dd583caac7073b090b146d59b4905f5ff3f7a74ca5d9bc8c2e0,Benchbook.ai Database Files/DCS P&P/TN_DCS_Policies/Ch31_Field_Services/594_Policy_Protocol_for_Search_Procedures.pdf,bb-exp-201b45a4978a8a6885117653,1fa54048-99f6-5376-9380-3c27c2248934,6eeb104d-fe67-50c8-8d93-25a43ea7c65d,Document header (application/authority/dates),documentheaderapplicationauthoritydates,Policy Protocol for Search Procedures,,Document header (application/authority/dates),,Ch31_Field_Services,unknown,pending_extraction_qa,guardrail_reference_only,current,,1900-01-01,,false,identity unresolved; high_risk=juvenile-court procedure,display_status=pending_extraction_qa; answer_scope=guardrail_reference_only; version_status=current,identity_pending_corpus_admin_review,review_identity_metadata,pending_corpus_admin_review,Corpus administrator,,,true,blocks_app_integration_or_display_until_resolved,Cannot identify reliable authority unit from metadata alone,identity_status=unresolved; chunk_type=metadata; E14-B candidate only from unresolved_identity_chunks.csv; no corpus change applied
unresolved_identity_patch_map,unresolved_identity_chunks.csv,unresolved_identity_chunk,High,dcs_policy,dcs_policies_procedures,594_Policy_Protocol_for_Search_Procedures.pdf,c31b4b1e5dc86dd583caac7073b090b146d59b4905f5ff3f7a74ca5d9bc8c2e0,Benchbook.ai Database Files/DCS P&P/TN_DCS_Policies/Ch31_Field_Services/594_Policy_Protocol_for_Search_Procedures.pdf,bb-exp-e1a21f1f860503474ba04245,568e7cba-310a-5279-8d83-16534752e0ee,330a68d0-68b5-532c-b461-9dc0d51601d1,,,Policy Protocol for Search Procedures,,,,Ch31_Field_Services,unknown,pending_extraction_qa,guardrail_reference_only,current,,1900-01-01,,false,identity unresolved; warnings=unusually_large_chunk; high_risk=juvenile-court procedure,display_status=pending_extraction_qa; answer_scope=guardrail_reference_only; version_status=current,identity_pending_corpus_admin_review,review_identity_metadata,pending_corpus_admin_review,Corpus administrator,,,true,blocks_app_integration_or_display_until_resolved,Cannot identify reliable authority unit from metadata alone,identity_status=unresolved; chunk_type=unknown; E14-B candidate only from unresolved_identity_chunks.csv; no corpus change applied
unresolved_identity_patch_map,unresolved_identity_chunks.csv,unresolved_identity_chunk,High,dcs_policy,dcs_policies_procedures,594_Policy_Protocol_for_Search_Procedures.pdf,c31b4b1e5dc86dd583caac7073b090b146d59b4905f5ff3f7a74ca5d9bc8c2e0,Benchbook.ai Database Files/DCS P&P/TN_DCS_Policies/Ch31_Field_Services/594_Policy_Protocol_for_Search_Procedures.pdf,bb-exp-706b833436fb0c2efd752b34,568e7cba-310a-5279-8d83-16534752e0ee,330a68d0-68b5-532c-b461-9dc0d51601d1,Glossary:,glossary,Policy Protocol for Search Procedures,,Glossary:,,Ch31_Field_Services,unknown,pending_extraction_qa,guardrail_reference_only,current,,1900-01-01,,false,identity unresolved; high_risk=juvenile-court procedure,display_status=pending_extraction_qa; answer_scope=guardrail_reference_only; version_status=current,identity_pending_corpus_admin_review,review_identity_metadata,pending_corpus_admin_review,Corpus administrator,,,true,blocks_app_integration_or_display_until_resolved,Cannot identify reliable authority unit from metadata alone,identity_status=unresolved; chunk_type=unknown; E14-B candidate only from unresolved_identity_chunks.csv; no corpus change applied
unresolved_identity_patch_map,unresolved_identity_chunks.csv,unresolved_identity_chunk,High,dcs_policy,dcs_policies_procedures,594_Policy_Protocol_for_Search_Procedures.pdf,c31b4b1e5dc86dd583caac7073b090b146d59b4905f5ff3f7a74ca5d9bc8c2e0,Benchbook.ai Database Files/DCS P&P/TN_DCS_Policies/Ch31_Field_Services/594_Policy_Protocol_for_Search_Procedures.pdf,bb-exp-74607316bc757f36504470fc,568e7cba-310a-5279-8d83-16534752e0ee,330a68d0-68b5-532c-b461-9dc0d51601d1,Forms:,forms,Policy Protocol for Search Procedures,,Forms:,,Ch31_Field_Services,unknown,pending_extraction_qa,guardrail_reference_only,current,,1900-01-01,,false,identity unresolved; high_risk=juvenile-court procedure,display_status=pending_extraction_qa; answer_scope=guardrail_reference_only; version_status=current,identity_pending_corpus_admin_review,review_identity_metadata,pending_corpus_admin_review,Corpus administrator,,,true,blocks_app_integration_or_display_until_resolved,Cannot identify reliable authority unit from metadata alone,identity_status=unresolved; chunk_type=unknown; E14-B candidate only from unresolved_identity_chunks.csv; no corpus change applied
unresolved_identity_patch_map,unresolved_identity_chunks.csv,unresolved_identity_chunk,High,dcs_policy,dcs_policies_procedures,594_Policy_Protocol_for_Search_Procedures.pdf,c31b4b1e5dc86dd583caac7073b090b146d59b4905f5ff3f7a74ca5d9bc8c2e0,Benchbook.ai Database Files/DCS P&P/TN_DCS_Policies/Ch31_Field_Services/594_Policy_Protocol_for_Search_Procedures.pdf,bb-exp-2664db0f8e502d62775a945e,568e7cba-310a-5279-8d83-16534752e0ee,330a68d0-68b5-532c-b461-9dc0d51601d1,Collateral Documents:,collateraldocuments,Policy Protocol for Search Procedures,,Collateral Documents:,,Ch31_Field_Services,unknown,pending_extraction_qa,guardrail_reference_only,current,,1900-01-01,,false,identity unresolved; high_risk=juvenile-court procedure,display_status=pending_extraction_qa; answer_scope=guardrail_reference_only; version_status=current,identity_pending_corpus_admin_review,review_identity_metadata,pending_corpus_admin_review,Corpus administrator,,,true,blocks_app_integration_or_display_until_resolved,Cannot identify reliable authority unit from metadata alone,identity_status=unresolved; chunk_type=unknown; E14-B candidate only from unresolved_identity_chunks.csv; no corpus change applied
unresolved_identity_patch_map,unresolved_identity_chunks.csv,unresolved_identity_chunk,High,dcs_policy,dcs_policies_procedures,594_Policy_Protocol_for_Search_Procedures.pdf,c31b4b1e5dc86dd583caac7073b090b146d59b4905f5ff3f7a74ca5d9bc8c2e0,Benchbook.ai Database Files/DCS P&P/TN_DCS_Policies/Ch31_Field_Services/594_Policy_Protocol_for_Search_Procedures.pdf,bb-exp-46a70bd3c85f805f9a1828da,568e7cba-310a-5279-8d83-16534752e0ee,330a68d0-68b5-532c-b461-9dc0d51601d1,27.21 Contraband Collection and Disposition,2721contrabandcollectionanddisposition,Policy Protocol for Search Procedures,,27.21 Contraband Collection and Disposition,,Ch31_Field_Services,unknown,pending_extraction_qa,guardrail_reference_only,current,,1900-01-01,,false,identity unresolved; high_risk=juvenile-court procedure,display_status=pending_extraction_qa; answer_scope=guardrail_reference_only; version_status=current,identity_pending_corpus_admin_review,review_identity_metadata,pending_corpus_admin_review,Corpus administrator,,,true,blocks_app_integration_or_display_until_resolved,Cannot identify reliable authority unit from metadata alone,identity_status=unresolved; chunk_type=unknown; E14-B candidate only from unresolved_identity_chunks.csv; no corpus change applied
unresolved_identity_patch_map,unresolved_identity_chunks.csv,unresolved_identity_chunk,High,dcs_policy,dcs_policies_procedures,604_Flyer_Child_and_Family_Team_Meeting_Flyer.pdf,bca063d55b518835b83b60149894068e1bda89ca239e9f5e1f32d5720b8b9e49,Benchbook.ai Database Files/DCS P&P/TN_DCS_Policies/Ch31_Field_Services/604_Flyer_Child_and_Family_Team_Meeting_Flyer.pdf,bb-exp-e08e1a36d7c9c2ddfe167517,9bf6c1ad-b574-5036-879a-066b1ad841b0,c683bc5c-3ceb-5681-bfdf-d5fbfa3e8cce,Document header (application/authority/dates),documentheaderapplicationauthoritydates,Flyer Child and Family Team Meeting Flyer,,Document header (application/authority/dates),,Ch31_Field_Services,unknown,pending_extraction_qa,guardrail_reference_only,current,,1900-01-01,,false,identity unresolved; high_risk=juvenile-court procedure,display_status=pending_extraction_qa; answer_scope=guardrail_reference_only; version_status=current,identity_pending_corpus_admin_review,review_identity_metadata,pending_corpus_admin_review,Corpus administrator,,,true,blocks_app_integration_or_display_until_resolved,Cannot identify reliable authority unit from metadata alone,identity_status=unresolved; chunk_type=metadata; E14-B candidate only from unresolved_identity_chunks.csv; no corpus change applied
unresolved_identity_patch_map,unresolved_identity_chunks.csv,unresolved_identity_chunk,High,dcs_policy,dcs_policies_procedures,605_Flyer_What_Youth_Should_Know_About_a_CFTM.pdf,7cc41afaebb19be87d9a1271273a0a9f82884edbb98b28be31b5bd353ddf55da,Benchbook.ai Database Files/DCS P&P/TN_DCS_Policies/Ch31_Field_Services/605_Flyer_What_Youth_Should_Know_About_a_CFTM.pdf,bb-exp-7ce9c88147d07c80742a979c,850f87b3-5192-5dd3-9d83-ec1364fe63fc,321ae10c-c3fb-5b3b-82fb-330dc7702a4e,Document header (application/authority/dates),documentheaderapplicationauthoritydates,Flyer What Youth Should Know About a CFTM,,Document header (application/authority/dates),,Ch31_Field_Services,unknown,pending_extraction_qa,guardrail_reference_only,current,,1900-01-01,,false,identity unresolved; high_risk=juvenile-court procedure,display_status=pending_extraction_qa; answer_scope=guardrail_reference_only; version_status=current,identity_pending_corpus_admin_review,review_identity_metadata,pending_corpus_admin_review,Corpus administrator,,,true,blocks_app_integration_or_display_until_resolved,Cannot identify reliable authority unit from metadata alone,identity_status=unresolved; chunk_type=metadata; E14-B candidate only from unresolved_identity_chunks.csv; no corpus change applied
unresolved_identity_patch_map,unresolved_identity_chunks.csv,unresolved_identity_chunk,High,dcs_policy,dcs_policies_procedures,630_Attachment_Transportation_Resource_List.pdf,2927b64e58cc1a9ba9a0ad00f0dae71090297a0a3e9f99b7aaf35273104c16e1,Benchbook.ai Database Files/DCS P&P/TN_DCS_Policies/Ch31_Field_Services/630_Attachment_Transportation_Resource_List.pdf,bb-exp-08a6db8aea484d4296b2f0b7,13ade3d2-e179-598b-8a23-3b5d166a8e9a,52b909fc-73bb-5280-8048-d1064a9d3411,Document header (application/authority/dates),documentheaderapplicationauthoritydates,Attachment Transportation Resource List,,Document header (application/authority/dates),,Ch31_Field_Services,unknown,pending_extraction_qa,guardrail_reference_only,current,,1900-01-01,,false,identity unresolved; high_risk=juvenile-court procedure,display_status=pending_extraction_qa; answer_scope=guardrail_reference_only; version_status=current,identity_pending_corpus_admin_review,review_identity_metadata,pending_corpus_admin_review,Corpus administrator,,,true,blocks_app_integration_or_display_until_resolved,Cannot identify reliable authority unit from metadata alone,identity_status=unresolved; chunk_type=metadata; E14-B candidate only from unresolved_identity_chunks.csv; no corpus change applied
unresolved_identity_patch_map,unresolved_identity_chunks.csv,unresolved_identity_chunk,High,dcs_policy,dcs_policies_procedures,630_Attachment_Transportation_Resource_List.pdf,2927b64e58cc1a9ba9a0ad00f0dae71090297a0a3e9f99b7aaf35273104c16e1,Benchbook.ai Database Files/DCS P&P/TN_DCS_Policies/Ch31_Field_Services/630_Attachment_Transportation_Resource_List.pdf,bb-exp-701c54550ebeef85dc74ce5e,819cb09b-2cad-512c-aebb-bcfcab38e6ac,9129d358-5661-5b3e-abd5-011ee663be95,,,Attachment Transportation Resource List,,,,Ch31_Field_Services,unknown,pending_extraction_qa,guardrail_reference_only,current,,1900-01-01,,false,identity unresolved; high_risk=juvenile-court procedure,display_status=pending_extraction_qa; answer_scope=guardrail_reference_only; version_status=current,identity_pending_corpus_admin_review,review_identity_metadata,pending_corpus_admin_review,Corpus administrator,,,true,blocks_app_integration_or_display_until_resolved,Cannot identify reliable authority unit from metadata alone,identity_status=unresolved; chunk_type=unknown; E14-B candidate only from unresolved_identity_chunks.csv; no corpus change applied
unresolved_identity_patch_map,unresolved_identity_chunks.csv,unresolved_identity_chunk,High,dcs_policy,dcs_policies_procedures,642_WorkAid_Use_of_Mechanical_Restraints_for_Youth.pdf,7adc0db7b13f771e2bceeddb94847b7c4e97ca6fcb568bb3c2009b699c9975e5,Benchbook.ai Database Files/DCS P&P/TN_DCS_Policies/Ch31_Field_Services/642_WorkAid_Use_of_Mechanical_Restraints_for_Youth.pdf,bb-exp-08c7c5bf54808d3a148cf98d,ce32e25b-91a9-5c25-8c55-64b5b5983158,13a6c501-9f5e-5fd3-8c69-942d5cd6f76f,Document header (application/authority/dates),documentheaderapplicationauthoritydates,WorkAid Use of Mechanical Restraints for Youth,,Document header (application/authority/dates),,Ch31_Field_Services,unknown,pending_extraction_qa,guardrail_reference_only,current,,1900-01-01,,false,identity unresolved; high_risk=juvenile-court procedure,display_status=pending_extraction_qa; answer_scope=guardrail_reference_only; version_status=current,identity_pending_corpus_admin_review,review_identity_metadata,pending_corpus_admin_review,Corpus administrator,,,true,blocks_app_integration_or_display_until_resolved,Cannot identify reliable authority unit from metadata alone,identity_status=unresolved; chunk_type=metadata; E14-B candidate only from unresolved_identity_chunks.csv; no corpus change applied
unresolved_identity_patch_map,unresolved_identity_chunks.csv,unresolved_identity_chunk,High,dcs_policy,dcs_policies_procedures,642_WorkAid_Use_of_Mechanical_Restraints_for_Youth.pdf,7adc0db7b13f771e2bceeddb94847b7c4e97ca6fcb568bb3c2009b699c9975e5,Benchbook.ai Database Files/DCS P&P/TN_DCS_Policies/Ch31_Field_Services/642_WorkAid_Use_of_Mechanical_Restraints_for_Youth.pdf,bb-exp-c4506cfa03ca697cb67eb917,116ccb1d-93f9-5784-ad3d-12ce248ffdc7,344663e9-d497-5896-8fc9-13ae43325e13,,,WorkAid Use of Mechanical Restraints for Youth,,,,Ch31_Field_Services,unknown,pending_extraction_qa,guardrail_reference_only,current,,1900-01-01,,false,identity unresolved; high_risk=juvenile-court procedure,display_status=pending_extraction_qa; answer_scope=guardrail_reference_only; version_status=current,identity_pending_corpus_admin_review,review_identity_metadata,pending_corpus_admin_review,Corpus administrator,,,true,blocks_app_integration_or_display_until_resolved,Cannot identify reliable authority unit from metadata alone,identity_status=unresolved; chunk_type=unknown; E14-B candidate only from unresolved_identity_chunks.csv; no corpus change applied
unresolved_identity_patch_map,unresolved_identity_chunks.csv,unresolved_identity_chunk,High,rule,tenn_rules_evidence,Tenn. R. Evid..pdf,e61ffa2bef765e411807161f3fd470536dc2bd1a9d2b715a058c2df9dd589afe,Benchbook.ai Database Files/Tenn. R. Evid..pdf,bb-exp-1f7517bf8f03e5099c7cc39c,49d00b3f-a347-52ca-9302-36b450a96972,3b23bf5e-f436-5061-9281-4275371ef92a,,,Note,,,,,,restricted_pending_license_review,limited_evidentiary_procedural,current,,1900-01-01,,false,identity unresolved,display_status=restricted_pending_license_review; answer_scope=limited_evidentiary_procedural; version_status=current,identity_pending_corpus_admin_review,review_identity_metadata,pending_corpus_admin_review,Corpus administrator,,,true,blocks_app_integration_or_display_until_resolved,Cannot identify reliable authority unit from metadata alone,identity_status=unresolved; chunk_type=annotation_candidate; E14-B candidate only from unresolved_identity_chunks.csv; no corpus change applied
